"dtype";"user_id";"created";"email";"firstname";"image";"is_enabled";"lastname";"password";"company_name";"vat"
"Owner";1;"2021-03-19 16:06:51.183999";"xaris@tuta.io";"Harris";"";"1";"Arvanitis (Owner)";"$2a$10$QH7VhcbuSdWx/G2PXHvT8OcoP3YoKwCdxNcepkvux1JQWhZF56DCy";"Jasmin SA";"1112546585"
"Attendant";2;"2021-03-19 16:07:07.198446";"xaris2@tuta.io";"Harris";"";"1";"Arvanitis (Attendant)";"$2a$10$My1l.o.mlr4OR99srSHxkekUHuTy9w1k8JnBC4T9yxfx5LRG4ikpy";"";"5544321245"
"Attendant";3;"2021-03-19 16:07:32.272756";"gmikelis@hotmail.com";"George";"";"1";"Mikelis (Attendant)";"$2a$10$1D8tn5MKGXsB9Zj2xENNqOJyEmddC3jal3lJeKBoSIOwBHj0X0jpi";"";"551558865"
"Owner";4;"2021-03-19 16:10:41.936148";"george.mikelis@gmail.com";"George";"";"1";"Mikelis";"$2a$10$GX/oyQ3EUcZG31RhRn.vkex2tKga/ZDLdVrWCA/uayPe8zbofdr.K";"ΜΙΚΕΛΗΣ ΜΟΝΟΠΡΟΣΩΠΗ ΟΕ";"GR-11223355446"
"Owner";5;"2021-03-19 16:29:22.179475";"eleutherios.m@gmail.com";"Eleutherios";"";"1";"Mitrou";"$2a$10$eCS8fkUQuyoP.8iiq7LadOo1LfHLtpLjmODyD5cIUeHhf6kvQ.R.2";"ΕΛΕΥΘΕΡΙΟΣ Β ΟΕ";"233215898"
"Owner";6;"2021-03-19 16:39:29.749739";"iliaspapanikolaou@gmail.com";"Ilias";"";"1";"Papanikolaou";"$2a$10$sNc5dhoVV4y21hkWicqgLuDYcgKxjBPnpi35oOoiIJ/Rw4un3RDSS";"ΠΑΠΟΥΤΣΑΣ ΔΗΜΗΤΡΗΣ";"9785412563"
"Owner";7;"2021-03-19 16:42:35.107315";"balder@mail.com";"Info";"";"1";"Balder";"$2a$10$2f235BwaNXl1SQeuTMrojuqcV6HraeDSbpNBqH9heqKOaFtFBa71e";"BALLDER";"GB-554468753"
"Owner";8;"2021-03-19 16:43:41.581097";"marry.alba@yahoo.com";"Marry";"";"1";"Alba";"$2a$10$20e1whnAH0ISO1j725k0wu5OLF2KkMAr24N6czxwpvF5uMFDTJxDa";"Red Skin";"RU-55484233558"
"Owner";9;"2021-03-19 16:45:31.482728";"joahnna87@yahoo.com";"joahnna";"";"1";"met";"$2a$10$gslyMNng534AtzseCRUx7.edrzxyowiP8YvyrMCgkUyOnhm0nnvb.";"Red Skin";"GR-54846121582"
"Attendant";10;"2021-09-11 00:43:56.000000";"magna.Cras.convallis@sed.com";"Henry";"";"1";"Wyatt";"$2a$10$iq3AG8BZfdugeQ60uOJYBOg17WiaQ1r0qIgiJp6PXb22Gb3TyksSW";"Magna A LLC";"RO-5548879785"
"Owner";11;"2021-04-02 04:00:08.000000";"non.feugiat.nec@egestasa.ca";"Tanya";"";"1";"Maddox";"$2a$10$iq9AG8BZguugeQ60uOJYDOg67WiaQ1r0qIviJp6PNb22Gb3TyksSW";"At Velit Consulting";"RO-548455488"
"Attendant";12;"2020-02-07 05:01:28.000000";"a@vitae.com";"Melyssa";"";"1";"Black";"$2a$10$iq5AG8BZmyugeQ60uOJYAOg77WiaQ1r0qIgiJp6PKb22Gb3TyksSW";"Porttitor Tellus Consulting";"GB-554468753"
"Attendant";13;"2020-03-07 02:31:43.000000";"condimentum.eget@pedenecante.net";"Rachel";"";"1";"Noel";"$2a$10$iqCAG8BZktugeQ60uOJYFOg97WiaQ1r0qIuiJp6PDb22Gb3TyksSW";"Elit Inc.";"9785412563"
"Attendant";14;"2020-06-18 05:28:21.000000";"adipiscing@odioNaminterdum.com";"Ryder";"";"1";"Gomez";"$2a$10$iq4AG8BZgtugeQ60uOJY5Og37WiaQ1r0qIoiJp6PQb22Gb3TyksSW";"Dolor Foundation";"1234566688"
"Attendant";15;"2021-06-15 08:20:11.000000";"aliquam@pharetra.ca";"Hall";"";"1";"Morrison";"$2a$10$iq7AG8BZclugeQ60uOJY7Og27WiaQ1r0qIdiJp6PHb22Gb3TyksSW";"Morbi Vehicula LLC";"9798586588"
"Attendant";16;"2021-03-19 19:26:02.000000";"enim.commodo@lectusCum.edu";"Orli";"";"1";"Ross";"$2a$10$iqBAG8BZwbugeQ60uOJY1Og67WiaQ1r0qIiiJp6PYb22Gb3TyksSW";"Nunc Id Enim LLP";"GB-554468753"
"Attendant";17;"2020-05-17 15:23:33.000000";"dapibus.rutrum@musProinvel.ca";"Baxter";"";"1";"Macias";"$2a$10$iq8AG8BZnaugeQ60uOJYCOg17WiaQ1r0qItiJp6PXb22Gb3TyksSW";"Sem Eget Massa Associates";"5546855884"
"Owner";18;"2021-02-27 06:37:23.000000";"est.mollis@nonegestas.edu";"Zia";"";"1";"Kirk";"$2a$10$iqBAG8BZymugeQ60uOJYDOg27WiaQ1r0qIfiJp6PDb22Gb3TyksSW";"Consequat Nec LLC";"123456789"
"Owner";19;"2020-09-04 20:22:26.000000";"dolor@nonjusto.edu";"Kirk";"";"1";"Greene";"$2a$10$iqDAG8BZfrugeQ60uOJYFOg87WiaQ1r0qIfiJp6PGb22Gb3TyksSW";"Mauris Aliquam Company";"555666884"
"Owner";20;"2021-10-12 13:29:59.000000";"semper@egestaslaciniaSed.edu";"Fletcher";"";"1";"Holman";"$2a$10$iqAAG8BZsqugeQ60uOJY7Og97WiaQ1r0qIfiJp6PRb22Gb3TyksSW";"Ipsum Leo Corp.";"55568889"
"Attendant";21;"2021-09-17 04:49:29.000000";"elementum@ipsumCurabitur.edu";"Zorita";"";"1";"Best";"$2a$10$iqCAG8BZwaugeQ60uOJY6Og47WiaQ1r0qIciJp6PCb22Gb3TyksSW";"Non Enim Mauris PC";"5546855884"
"Owner";22;"2021-03-18 20:24:58.000000";"imperdiet.erat.nonummy@Craseget.ca";"Donovan";"";"1";"Shields";"$2a$10$iq0AG8BZnaugeQ60uOJY7Og87WiaQ1r0qIuiJp6PQb22Gb3TyksSW";"Proin Industries";""
"Owner";23;"2020-07-08 23:07:16.000000";"porta.elit.a@elementumloremut.org";"Regan";"";"1";"Parsons";"$2a$10$iqDAG8BZlougeQ60uOJYAOg57WiaQ1r0qIxiJp6PMb22Gb3TyksSW";"Cursus Nunc Corporation";""
"Attendant";24;"2020-10-31 01:36:41.000000";"sit@purusaccumsan.net";"Malcolm";"";"1";"Hansen";"$2a$10$iq2AG8BZvdugeQ60uOJYAOg57WiaQ1r0qItiJp6PSb22Gb3TyksSW";"At Libero Inc.";"RO-548455488"
"Attendant";25;"2021-06-07 11:18:52.000000";"tristique@Cumsociis.edu";"Urielle";"";"1";"Moon";"$2a$10$iq7AG8BZzxugeQ60uOJY0Og97WiaQ1r0qIviJp6PYb22Gb3TyksSW";"Semper Incorporated";""
"Attendant";26;"2020-06-12 06:06:34.000000";"dignissim.Maecenas.ornare@quamCurabitur.co.uk";"Yasir";"";"1";"Hoover";"$2a$10$iqAAG8BZjdugeQ60uOJYFOg47WiaQ1r0qIhiJp6PSb22Gb3TyksSW";"Sagittis Duis Industries";"5546855884"
"Owner";27;"2020-01-24 10:34:45.000000";"Duis.cursus@ullamcorper.co.uk";"Carson";"";"1";"Justice";"$2a$10$iqFAG8BZvsugeQ60uOJYCOg67WiaQ1r0qIoiJp6PVb22Gb3TyksSW";"Eu Incorporated";""
"Owner";28;"2021-05-01 14:28:13.000000";"eros.Proin@lacus.org";"Pascale";"";"1";"Hester";"$2a$10$iq6AG8BZljugeQ60uOJY5Og57WiaQ1r0qIhiJp6PBb22Gb3TyksSW";"Amet Ornare Lectus Foundation";""
"Owner";29;"2021-06-13 05:52:18.000000";"et.tristique@velpede.ca";"Hyatt";"";"1";"Ortiz";"$2a$10$iqBAG8BZwqugeQ60uOJY3Og27WiaQ1r0qIviJp6PPb22Gb3TyksSW";"Augue Id Ante Consulting";""
"Attendant";30;"2021-06-13 01:02:59.000000";"lacus.Etiam@ametmetus.com";"Amity";"";"1";"Collins";"$2a$10$iq0AG8BZdfugeQ60uOJY2Og67WiaQ1r0qIhiJp6PNb22Gb3TyksSW";"Semper Egestas Inc.";""
"Owner";31;"2021-12-22 14:17:00.000000";"mi@Etiam.net";"Barclay";"";"1";"Donovan";"$2a$10$iq9AG8BZnuugeQ60uOJYCOg17WiaQ1r0qIliJp6PSb22Gb3TyksSW";"Dictum Ltd";"5546855884"
"Attendant";32;"2021-04-14 09:43:08.000000";"metus.Vivamus.euismod@liberoduinec.org";"Craig";"";"1";"Berger";"$2a$10$iqCAG8BZgdugeQ60uOJY2Og07WiaQ1r0qIjiJp6PPb22Gb3TyksSW";"Venenatis LLP";""
"Owner";33;"2021-09-28 16:20:44.000000";"molestie.tellus.Aenean@amet.ca";"Zachery";"";"1";"Gutierrez";"$2a$10$iqBAG8BZdfugeQ60uOJY8Og17WiaQ1r0qIeiJp6PNb22Gb3TyksSW";"Fusce Mollis LLP";""
"Owner";34;"2021-10-26 13:51:25.000000";"turpis.In@tinciduntnibhPhasellus.net";"Joelle";"";"1";"Guzman";"$2a$10$iq1AG8BZtuugeQ60uOJY7Og47WiaQ1r0qIwiJp6PBb22Gb3TyksSW";"Interdum Ligula Foundation";""
"Owner";35;"2020-10-27 16:46:40.000000";"adipiscing.Mauris.molestie@lacinia.com";"Dolan";"";"1";"Sanford";"$2a$10$iq6AG8BZtnugeQ60uOJY9Og47WiaQ1r0qIjiJp6PRb22Gb3TyksSW";"Aliquam Auctor PC";"5546855884"
"Attendant";36;"2021-09-13 22:33:58.000000";"pede@utdolor.co.uk";"Zeus";"";"1";"Mueller";"$2a$10$iq8AG8BZbmugeQ60uOJY5Og97WiaQ1r0qIniJp6PFb22Gb3TyksSW";"Augue Scelerisque Associates";""
"Attendant";37;"2020-10-08 11:46:11.000000";"Duis.mi.enim@ascelerisquesed.co.uk";"Carol";"";"1";"Macias";"$2a$10$iqFAG8BZziugeQ60uOJYFOg17WiaQ1r0qIliJp6PQb22Gb3TyksSW";"Elit Pede Ltd";""
"Owner";38;"2021-02-19 01:19:00.000000";"mi.fringilla@magnaa.ca";"Medge";"";"1";"Whitaker";"$2a$10$iq7AG8BZvcugeQ60uOJY7Og07WiaQ1r0qIdiJp6PQb22Gb3TyksSW";"Lectus Convallis LLP";""
"Attendant";39;"2020-10-30 17:19:10.000000";"felis@nuncsitamet.ca";"Marsden";"";"1";"Bartlett";"$2a$10$iq7AG8BZnzugeQ60uOJYFOg27WiaQ1r0qIeiJp6PXb22Gb3TyksSW";"Ipsum Suspendisse Non LLC";"5546855884"
"Attendant";40;"2021-11-24 21:08:19.000000";"nunc@nonbibendumsed.edu";"Brenna";"";"1";"Avila";"$2a$10$iq9AG8BZbaugeQ60uOJY4Og57WiaQ1r0qIuiJp6PXb22Gb3TyksSW";"Quis Urna Corp.";""
"Owner";41;"2020-10-12 06:33:26.000000";"et.euismod@Nuncsollicitudin.net";"Avram";"";"1";"Slater";"$2a$10$iq7AG8BZzgugeQ60uOJY5Og87WiaQ1r0qIviJp6PGb22Gb3TyksSW";"Condimentum Donec At Incorporated";"5546855884"
"Attendant";42;"2021-12-22 22:23:51.000000";"euismod@ante.edu";"Kaitlin";"";"1";"Barrett";"$2a$10$iq3AG8BZbiugeQ60uOJY3Og07WiaQ1r0qIhiJp6PJb22Gb3TyksSW";"Et Inc.";""
"Owner";43;"2020-07-12 18:23:29.000000";"Curabitur.ut.odio@rhoncusNullam.ca";"Alisa";"";"1";"Gordon";"$2a$10$iq0AG8BZluugeQ60uOJYFOg17WiaQ1r0qIjiJp6PLb22Gb3TyksSW";"Ac LLP";"5546855884"
"Owner";44;"2021-08-07 12:14:15.000000";"lacus.Mauris@nisi.ca";"Megan";"";"1";"Simmons";"$2a$10$iq5AG8BZpdugeQ60uOJYEOg57WiaQ1r0qIkiJp6PYb22Gb3TyksSW";"Enim Suspendisse Aliquet Ltd";"123456789"
"Attendant";45;"2021-07-17 11:44:07.000000";"cubilia@lobortisrisus.edu";"Marshall";"";"1";"Calhoun";"$2a$10$iq4AG8BZrmugeQ60uOJY3Og97WiaQ1r0qIsiJp6PLb22Gb3TyksSW";"Taciti Sociosqu Ad Ltd";""
"Attendant";46;"2020-01-25 00:29:55.000000";"sodales.at.velit@Aliquam.com";"Gareth";"";"1";"Vaughn";"$2a$10$iq4AG8BZnmugeQ60uOJYBOg37WiaQ1r0qIriJp6PRb22Gb3TyksSW";"Sollicitudin Foundation";""
"Owner";47;"2021-09-17 01:29:12.000000";"ut@ridiculusmus.org";"Scott";"";"1";"Freeman";"$2a$10$iq8AG8BZzzugeQ60uOJYDOg57WiaQ1r0qIviJp6PLb22Gb3TyksSW";"Aliquam Company";""
"Attendant";48;"2021-07-03 15:59:10.000000";"ipsum@est.com";"Brenda";"";"1";"Dodson";"$2a$10$iqCAG8BZvdugeQ60uOJYBOg47WiaQ1r0qIziJp6PXb22Gb3TyksSW";"Sodales Company";""
"Owner";49;"2020-05-26 22:33:25.000000";"fringilla.Donec@metus.net";"Brenna";"";"1";"Simon";"$2a$10$iq1AG8BZyvugeQ60uOJYFOg67WiaQ1r0qIsiJp6PXb22Gb3TyksSW";"Varius Ultrices Mauris LLP";"123456789"
"Attendant";50;"2020-11-20 07:00:29.000000";"arcu.imperdiet.ullamcorper@quislectus.ca";"Sage";"";"1";"Solis";"$2a$10$iq5AG8BZkpugeQ60uOJYAOg87WiaQ1r0qIziJp6PYb22Gb3TyksSW";"Ante Iaculis PC";"123456789"
"Owner";51;"2020-10-16 15:07:15.000000";"purus@dictumProin.net";"Nathan";"";"1";"Mccullough";"$2a$10$iqAAG8BZxougeQ60uOJY4Og27WiaQ1r0qIciJp6PGb22Gb3TyksSW";"Est Ac Facilisis Institute";"123456789"
"Attendant";52;"2021-04-13 19:17:38.000000";"vitae.mauris@Pellentesque.org";"Baker";"";"1";"Cotton";"$2a$10$iq2AG8BZbqugeQ60uOJYAOg67WiaQ1r0qIoiJp6PTb22Gb3TyksSW";"Metus Urna Convallis Limited";""
"Attendant";53;"2020-09-03 03:51:20.000000";"ultricies.ligula.Nullam@Utnecurna.ca";"Hamilton";"";"1";"Wells";"$2a$10$iq4AG8BZfzugeQ60uOJY1Og87WiaQ1r0qIsiJp6PKb22Gb3TyksSW";"Dis PC";"123456789"
"Attendant";54;"2021-03-31 16:28:54.000000";"sem.egestas@et.com";"Samuel";"";"1";"Irwin";"$2a$10$iq5AG8BZgmugeQ60uOJY4Og87WiaQ1r0qIaiJp6PQb22Gb3TyksSW";"Dui Nec Tempus Company";""
"Attendant";55;"2021-10-30 11:49:50.000000";"Duis.gravida.Praesent@acmattis.edu";"Zachary";"";"1";"Bond";"$2a$10$iq3AG8BZziugeQ60uOJYDOg87WiaQ1r0qIbiJp6PRb22Gb3TyksSW";"Leo Industries";"123456789"
"Attendant";56;"2020-04-01 03:41:04.000000";"Nunc.ullamcorper@porttitor.com";"Grant";"";"1";"Benton";"$2a$10$iq3AG8BZssugeQ60uOJY2Og77WiaQ1r0qIliJp6PXb22Gb3TyksSW";"Lacus Quisque Purus Institute";""
"Attendant";57;"2021-06-14 13:15:24.000000";"arcu.Sed.eu@necmauris.com";"Nolan";"";"1";"Terrell";"$2a$10$iq9AG8BZfyugeQ60uOJY5Og27WiaQ1r0qIfiJp6PYb22Gb3TyksSW";"Id Nunc Consulting";""
"Attendant";58;"2020-10-14 18:09:27.000000";"egestas.urna@enim.org";"Farrah";"";"1";"Flores";"$2a$10$iq4AG8BZfpugeQ60uOJY9Og87WiaQ1r0qIgiJp6PFb22Gb3TyksSW";"Duis Sit PC";""
"Owner";59;"2020-01-24 20:24:04.000000";"quam@primisinfaucibus.net";"Ishmael";"";"1";"Hester";"$2a$10$iq2AG8BZjnugeQ60uOJYDOg97WiaQ1r0qIliJp6PJb22Gb3TyksSW";"Arcu Aliquam Ultrices Incorporated";"RO-548455488"
"Owner";60;"2020-11-02 07:06:49.000000";"non.nisi@mollisDuis.org";"Armand";"";"1";"Norman";"$2a$10$iq6AG8BZvuugeQ60uOJY1Og27WiaQ1r0qIoiJp6PNb22Gb3TyksSW";"Dui Corp.";""
"Owner";61;"2020-04-14 00:47:36.000000";"sollicitudin.adipiscing.ligula@odiosemper.edu";"Joseph";"";"1";"Sanford";"$2a$10$iqAAG8BZhougeQ60uOJYBOg17WiaQ1r0qIliJp6PPb22Gb3TyksSW";"Eu Tellus Phasellus Limited";""
"Attendant";62;"2020-06-16 05:14:16.000000";"semper@etrisusQuisque.co.uk";"Yeo";"";"1";"Leach";"$2a$10$iqCAG8BZlrugeQ60uOJYCOg37WiaQ1r0qIciJp6PDb22Gb3TyksSW";"Et Corp.";""
"Attendant";63;"2021-12-09 13:09:06.000000";"aliquet@libero.net";"Keaton";"";"1";"Cabrera";"$2a$10$iqCAG8BZrgugeQ60uOJY2Og07WiaQ1r0qIuiJp6PRb22Gb3TyksSW";"Egestas Incorporated";""
"Attendant";64;"2020-02-14 15:34:42.000000";"adipiscing@mattisIntegereu.edu";"Darrel";"";"1";"Mann";"$2a$10$iqFAG8BZlcugeQ60uOJY2Og37WiaQ1r0qIbiJp6PPb22Gb3TyksSW";"Dui Corporation";"233215898"
"Attendant";65;"2021-01-30 07:06:06.000000";"tempus.scelerisque@uterat.edu";"Devin";"";"1";"Cooper";"$2a$10$iq9AG8BZdtugeQ60uOJY3Og57WiaQ1r0qIfiJp6PHb22Gb3TyksSW";"Imperdiet PC";""
"Attendant";66;"2020-04-04 10:45:25.000000";"dignissim.magna@mattisIntegereu.edu";"Zane";"";"1";"Camacho";"$2a$10$iqBAG8BZdsugeQ60uOJY8Og37WiaQ1r0qIkiJp6PLb22Gb3TyksSW";"Lacus Pede Sagittis LLP";"RO-548455488"
"Attendant";67;"2020-03-20 22:15:32.000000";"Ut.tincidunt.vehicula@Suspendisse.org";"Cole";"";"1";"Delacruz";"$2a$10$iq6AG8BZdjugeQ60uOJY4Og57WiaQ1r0qIhiJp6PMb22Gb3TyksSW";"Metus Vivamus Associates";""
"Attendant";68;"2020-04-26 00:49:53.000000";"magnis@nonummy.edu";"Roary";"";"1";"Daniels";"$2a$10$iqBAG8BZvfugeQ60uOJY0Og67WiaQ1r0qIqiJp6PPb22Gb3TyksSW";"Netus Consulting";"233215898"
"Owner";69;"2021-03-10 08:31:47.000000";"neque.vitae@vel.com";"Melodie";"";"1";"Baldwin";"$2a$10$iq0AG8BZwmugeQ60uOJYEOg77WiaQ1r0qIyiJp6PPb22Gb3TyksSW";"Quis Consulting";"233215898"
